id,first_name,last_name,country
1,Ruthie,Jarret,Russia
2,Eliot,Mullaney,Spain
3,Gabriell,Esselin,China
4,Ferd,Tippett,Jordan
5,Claribel,Swindles,Sweden
6,Dillon,Ianiello,Palestinian Territory
7,Flossi,Macknish,Poland
8,Malchy,Kerr,China
9,Geno,McCart,Peru
10,Beulah,Armatidge,France
11,Gusella,Tubbles,Japan
12,Kaine,Wiggett,Russia
13,Orville,Lorek,Brazil
14,Gill,Locke,Philippines
15,Nikita,Nigh,China
16,Zechariah,Jenyns,Philippines
17,Lora,Poxon,Iran
18,Bo,Burkwood,France
19,Dione,Flips,Argentina
20,Grove,Byrom,Philippines
21,Hardy,Knappe,United States
22,D'arcy,Kirwan,China
23,Piper,Pengelly,Indonesia
24,Amelina,Cootes,Taiwan
25,Dede,Norssister,Colombia
26,Sandro,Mumm,Philippines
27,Sigmund,Slafford,Czech Republic
28,Gretel,Beedle,Bulgaria
29,Leland,Huby,South Africa
30,Kiel,Slater,China
31,Jesus,Saiens,Russia
32,Devin,Halleybone,Indonesia
33,Barbara,Sissland,Indonesia
34,Larissa,Cordeiro,France
35,Franklin,Dudson,China
36,Graig,Pendrill,Luxembourg
37,Lucille,Partrick,France
38,Berton,McFadden,Japan
39,Tomlin,Camm,Indonesia
40,Tobit,Mixture,Indonesia
41,Izaak,Durham,Indonesia
42,Blondie,Couchman,Madagascar
43,Lib,Dami,Costa Rica
44,Lizzie,Le Blanc,Czech Republic
45,Edd,Steels,Indonesia
46,Lotte,Knibbs,China
47,Sterne,Dammarell,Brazil
48,Ermanno,Gommes,South Korea
49,Hodge,Tzarkov,Paraguay
50,Christina,Bondley,Iran
